ATTTGGTAAAGGTATAATTATTGAGAATTCAAATACTACTTTTTTAACACCGGTAGCTACGGGAAATCAATATTTAAAAGATGGAGGTTTTGCTTTTCCTCCAACAGAACCTCTTATGTCACCAATGACATTAGATGAAATGAGACATTTTTATAAAGATAATAAATATGTAAAAAATTTAGATGAATTGACTTTA	ATTTGGTAAAGGTATAATTATTGAGAATTCAAATACTACTTTTTTAACACCGGTAGCTACGGAAAAACAAGATTTAAAAGATGGAGGTTTTGCTTTTCCTCCAACAAATCCTCTTATGTCACCAATGACATTAGATGATATGAGAGTTTTGTATAAAGATAATGAATATGTAAAAAATTTAGATGAATTGACTTTA	ATTTGGTAAAGGTATAATTATTGAGAATTCAAAAACTACTTTTTTAACACCGGTAGCTACGGAAAATCAAGATTTAAAAGATGGAGGTTTTGCTTTTCCTCCAACAGAACCTCTTATGTCACCAATGACATTAGATCAAATGAGAGATTTTTATAAAAATAATGAATATGTAAAAAATTTAGATGAATTGACTTTA	ATTTGGTAAAGGTATAATTATTGAGAATTCAAATACTACTTTTTTAACACCGGTAGCTACGGGAAATCAATATTTAAAAGATGGAGGTTTTGCTTTTCCTCCAACAAAACCTCTTATGTCACCAATGACATTAGATGATATGAGACTTTTGTATAAAGATAATGAAGATGTAAAAAATTTAGATGAATTGACTTTA	ATTTGGTAAAGGTATAATTATTGAGAATTCAAATACTACTTTTTTAACACCGGTAGCTACGGGAAATCAATATTTAAAAGATGGAGGTTTTGCTTTTCCTCCAACAAAACCTCTTATGTCACCAATGACATTAGATGATATGAGACTTTTGTATAAAGATAATAAATATGTAAAAAATTTAGATGAATTGACTTTA	ACACAAGGAGCTGAATTTACTCACTGTAAATGGAAATCTAAATTTGACATAAAGAAACTCTATCTTCTTGGAAACCATTTCAAATCCACTTCTCTCTTTATTCCCCATGAAACATGACAGAGATAAGACACACCCTAATGAAGAACTGTGTGACAGAACCGACAGGATGGCTCACGCCTGTAATCCCAACACTTTGGGAGGCCTAGGTGGGAGGATCGCTTGAGGCCAGG	AGGCAGTCCATAGACAGAAACTACATTGGCATTTGCCAAGGGCTCAGGATAGGGAAGTAGAGAGTGACTGCTTAATAAGTACAGGTTTTCAGCCGGGTGCGGTGGCTCACACCTGTAATCCCAGCACTTTGGGAGGCAAAGGCGGGTGGATCACTTGAGGTCAGG	TCCCTATTTTTACAGACAAGGAGACTAAAGTCTAAAGAGGTACAGGCCAGGCGTGGTGGCTCACGCCTGCAATCCCAGCGCTTTGGGAGGCCGAGCAGGTGGATCACCTGAGGTCAGG	ACGCAAATCTGCAGAGACAGAAAGTAGATTGGGCTGGGGGTAGTGGCTCATGCCCCTAATCCCAACACTTTGGGAGGCTGAGGCGGGTGGATCACCTGAGGTCAGC	AAAGTATTCAGAGGTCAAAGAGTCAGTTTCTGCAAGTAAATCAATTATAAAGGAATTTTTGTGCTGTTTTTTGAAACATTTCTCACAAAATTCTGTGAAAATAAAAAGCTAAAAGGGCCAGGCATGGTGGCTCATACCTGTAATCCCAGCACTTCAGGAGGCCGAGGCAGGAGAATCACTTGAGGCCAGG	AGAGGCAAATCCATAGAGCAAGTGGAATAGTGGTTGTCTGGGGCTGGGTGGGATGAGGAGAGTCCAAGGTGATAGCTAAAGGGTATGGTGTTTCTTTTGGGGGTATCAAAAGTGTTCTGGCTGGGCATGGTGGCTGACGCCTGTAATCCCAGCACTTTGGGAACCTGAAGCAGGTGGATCACCTGAGGTCAGG	ATGAAAGGCAGGGCTTGGGCCCAGCAGCCCTGTGCACTAAGTCAGCACACCAGGAGACAGAGAAAGGCTTCCTTCAGCCAAATCCCACTGCCTGCCTCACCTCACCTGGGAGGGCTTCTTCACATCCCACCATGGAGTGCCTTGGGGCTCATGAGCAGGGGACTCCTGGTCTCTGATGTCTGATATTGACTCATCTTGTCTG	ATGCAAAAGTCTCTCTGTTAGCCAGAAATGGTGGCTCATGTCTGTAGTCCCAGCTACTCAGGAGGCCAAGGCAGGATGATCCCTTGAGACCAGG	CAAGCTGCTTATGAATCTTTATTCTACAGAAACCATGAAGGATAACAAATGAATCCAGCCCAGCATGGTGGCTCGTACCTGTAATTCCAGCACTTTGAGAGGCTGGGGAGGGAGGATCACCTGAGGTCAGG	TAGGTAAATCCATGGAAATAGAAAGTAGAGTAGTGGTTGCCAGGGGTTGGGAGGAGGGAGGTGGGTAATAAAGAGTAACTGCTAATAGGTATGGGGTTTCTTTTCGGGGTGATGAAAATGGCCTAAAATTATGGTTAGGCTGGGCGCGGTGGCTCACGCCTGTAATCCCAGCTTTGGGAGGCCGAGGCGGGTGGACCACTTGAGGTCAGG	CCATTTTGACAAGAGCGCCATGTAATCTCAGCACTTTGGAAGGCGACAGGATGGCTGGTAGCCAGG	GCAGCCTGTTGAAGGAACTGACAGTGTCCTGGAGCAATTATTGTGGGAGTTCTGAATAAGAAGTAGTCCAGGGCCGAGTGCGGTGGCTCATGCCTGTAAACCCTGTGCTTTGAGAGGCCAAGGAGGGAAGCTCACTGGAGGCCAGG
SP011228685510c_S104	0	0	115	0	0	0	0	0	0	0	0	0	0	0	0	0	0
625E110KA210c_S145	7262	0	0	0	0	0	0	2	0	0	0	0	0	0	0	0	0
SP011228685410c_S105	0	0	163	0	0	0	0	0	0	0	0	0	0	0	0	0	0
SP011228685210c_S106	0	0	1774	0	0	0	0	0	0	0	0	0	0	0	0	0	0
5KB25KB110c_S110	15106	0	0	0	0	0	0	0	0	0	0	0	0	0	0	0	0
625E25KB110c_S146	2953	0	0	0	0	0	0	0	0	0	0	0	0	0	0	0	0
5KB110KA210c_S109	12502	0	0	0	0	0	0	0	0	0	0	0	0	0	0	0	0
1000BC10c_S100	3558	0	0	1307	21	0	0	0	0	0	0	0	0	0	0	0	0
SP011228651210c_S191	0	2078	0	0	0	0	0	0	0	0	0	0	0	0	0	0	0
15C10c_S171	230	0	0	99	0	13	13	5	3	3	2	2	2	2	2	2	2
SP011228685010c_S127	0	72	0	0	0	0	0	0	0	0	0	0	0	0	0	0	0
